{
	"string" : "Surprise!!!",
	"picking":
	{
		"home_angles" : [-0.008477036152974904, -1.1687305730632325, -1.9112632274627686, -1.4607807409814377, 1.5298510789871216, 1.7201569080352783],
		"approach_gap": 0.05,
		"lift_gap": 0.15,
		"place_position":
		{
			"1" : [ 0.01000, 0.34332, 0.06],
			"2" : [-0.12999, 0.34332, 0.06],
			"3" : [-0.12999, 0.34332, 0.06]
		},
		"duration": [3.0, 1.0, 0.7, 1.0, 3.0, 1.0, 0.5, 1.0, 3.0],
		"grasp_angle": 
		{
			"tissue": 10,
			"toothpaste": 15
		},
		"grasp_force": 
		{
			"tissue": 400,
			"toothpaste": 100
		},
		"grasp_orientation": 
		{
			"tissue": [0.0089405, 0.010107, 0.67914, 0.73389],
			"toothpaste": [0.0, 0.0, 0.0,1.0]
		},
		"compensation": 
		{
			"tissue": [0, 0, -0.03],
			"toothpaste": [0, 0, 0]
		}

    },
    
	"polishing":
	{
		"initialParams":
		{
			"fingerTranslatioScale" : 0.1,
			"hybridStepperScale" : 0.4,
			"fingerPostion" : [0.100, 0.00001, 0],
			"JointAngle" : [0.3304983377456665, -0.9961617628680628, 1.8000726699829102, -0.7342222372638147, 1.9532890319824219, 3.1415926],
			"duration": 3.0
		}
	},

	"force_ctl":
	{
		"pos": [0.65, 0, 0.2],
		"orient": [-1.570796, 1.570796, -3.1415926]
	}
}
