{
	"string" : "Surprise!!!",
	"picking":
	{
		"home_angles" : [0,-1.5,1.9,-1.9,-1.5,0],
		"approach_gap": 0.05,
		"lift_gap": 0.20,
		"place_position":
		{
			"1" : [0.5, 0.45, 0.05],
			"2" : [0.1, 0.1, 0.1],
			"3" : [0.1, 0.1, 0.1]
		},
		"duration": [3.0, 1.0, 0.7, 1.0, 3.0, 1.0, 0.5, 1.0, 3.0]
    },
    
	"polishing":
	{
		"initialParams":
		{
			"fingerTranslatioScale" : 0.1,
			"hybridStepperScale" : 0.4,
			"fingerPostion" : [0.100, 0.00001, 0],
			"JointAngle" : [0.3304983377456665, -0.9961617628680628, 1.8000726699829102, -0.7342222372638147, 1.9532890319824219, 3.1415926],
			"duration": 3.0
		}
	}
}
